t_s,buoy_heave_m,buoy_heave_acc_mps2
55.2,-0.047426117513655,0.3508575053636816
55.21,-0.046925969913030996,0.3472834073260571
55.22,-0.04639114183633725,0.34344516950504356
55.230000000000004,-0.045822019937956704,0.3393461707558443
55.24,-0.04521901690680609,0.33498992005751743
55.25,-0.04458257111317039,0.3303800831409902
55.26,-0.043913146241270754,0.32552045388936834
55.27,-0.04321123090846274,0.32041495399810077
55.28,-0.04247733827206805,0.3150676193218852
55.29,-0.041712005624706325,0.30948259385820387
55.300000000000004,-0.04091579397896258,0.3036641210386764
55.31,-0.040089287642127616,0.29761653762390977
55.32,-0.03923309378167138,0.29134426766673066
55.33,-0.038347841982009835,0.2848518179054258
55.34,-0.037434183793029305,0.27814377398003515
55.35,-0.036492792270726056,0.271224797828441
55.36,-0.035524361510213286,0.26409962611597004
55.370000000000005,-0.03452960616549028,0.2567732560158424
55.38,-0.03350926094417755,0.2492510311674229
55.39,-0.03246408008747559,0.24153805289300465
55.4,-0.031394836857054347,0.23363936392881324
55.410000000000004,-0.03030232302527731,0.22556014779006112
55.42,-0.029187348357873132,0.2173056449409201
55.43,-0.02805074008773271,0.20888120216311282
55.44,-0.02689334237954857,0.20029225639335438
55.45,-0.025716015772594025,0.1915447405473657
55.46,-0.02451963654569056,0.18264625737746495
55.47,-0.023305096021256008,0.17360339425279167
55.480000000000004,-0.02207329988116157,0.16442291185454314
55.49,-0.02082516737696056,0.15511536576367047
55.5,-0.01956163027335919,0.14569377176289675
55.51,-0.018283631296566665,0.13618082248413216
55.52,-0.016992121714280398,0.12661028809442887
55.53,-0.01568805872130821,0.11699831888279397
55.54,-0.014372403795046628,0.10735074398346245
55.550000000000004,-0.013046121861366701,0.09767492589586561
55.56,-0.01171018062953769,0.08797690244750324
55.57,-0.010365549958941282,0.0782628195742792
55.58,-0.009013201265285448,0.06853821824018393
55.59,-0.007654106961974516,0.05880839911337334
55.6,-0.0062892399379510374,0.04907825283134431
55.61,-0.004919573070039587,0.03935236200759508
55.620000000000005,-0.0035460787695138266,0.029634955679431932
55.63,-0.0021697286254031183,0.019927891380370828
55.64,-0.0007914931774249473,0.010232847462356495
55.65,0.0005876583106770799,0.0005532935897380334
55.660000000000004,0.0019667581621015,-0.00910732047396213
55.67,0.003344840622766541,-0.018745855742974882
55.68,0.004720942152190939,-0.028360117904731717
55.69,0.006094101665651649,-0.03794778090047395
55.7,0.007463360782508483,-0.0475059250657331
55.71,0.00882776410370589,-0.05703171948402167
55.72,0.010186359495958999,-0.0665223545787387
55.730000000000004,0.01153819837279152,-0.07597503183129366
55.74,0.012882335975483111,-0.08538692430561916
55.75,0.014217831656829603,-0.09475515232019469
55.76,0.01554374917065087,-0.10407675254943592
55.77,0.016859156969860217,-0.11334865186217036
55.78,0.01816312851582006,-0.12256764067275851
55.79,0.019454742601560857,-0.13173034882888457
55.800000000000004,0.020733083691281063,-0.1408332229103166
55.81,0.021997242278354145,-0.1498725058599255
55.82,0.02324631526385776,-0.15884421881234304
55.83,0.02447940635740679,-0.16774414547833394
55.84,0.02569562650182114,-0.17656781915843084
55.85,0.02689409432285332,-0.18531051382264635
55.86,0.028073936601332426,-0.19396735234207324
55.870000000000005,0.029234288766796165,-0.2025331691039292
55.88,0.030374295420371424,-0.21100240912160081
55.89,0.03149311089129784,-0.21936923500142347
55.9,0.032589899823268244,-0.22762754433468882
55.910000000000004,0.033663837787561955,-0.23577097138829428
55.92,0.034714111922119976,-0.2437929008410841
55.93,0.035739921595479215,-0.25168647980641007
55.94,0.036740479094175146,-0.25944463486239955
55.95,0.0377150103319641,-0.26706009053017193
55.96,0.038662755578953344,-0.2745253907505918
55.97,0.03958297020848997,-0.2818329223242822
55.980000000000004,0.04047492545943568,-0.2889749405465867
55.99,0.041337909211252556,-0.29594359661219066
56.0,0.04217122676914344,-0.3027309666728456
56.01,0.04297420165633157,-0.30932908226070965
56.02,0.043746176410428654,-0.31572996186225705
56.03,0.04448651338072918,-0.32192564338183205
56.04,0.04519459552318239,-0.32790821725063085
56.050000000000004,0.04586982718973155,-0.3336698599255215
56.06,0.046511634912263386,-0.33920275124032856
56.07,0.047119468185557914,-0.34449904295164496
56.08,0.047692800249931465,-0.34955093952329985
56.09,0.04823112886448071,-0.3543508835813197
56.1,0.04873397705941604,-0.35889158046567915
56.11,0.04920089386759191,-0.3631658367692716
56.120000000000005,0.049631455035709926,-0.36716678754597065
56.13,0.05002526370606605,-0.3708879318791726
56.14,0.05038195106123144,-0.3743231771437018
56.15,0.05070117693174974,-0.37746674273312075
56.160000000000004,0.05098263037375691,-0.38031306201559717
56.17,0.05122603021431756,-0.3828570722929734
56.18,0.051431125551844675,-0.3850942229279476
56.19,0.051597696206957464,-0.3870204272718077
56.2,0.051725553124113435,-0.38863212349203646
56.21,0.051814538735533995,-0.38992583478610454
56.22,0.051864527295571984,-0.3908985701028587
56.230000000000004,0.05187542516885035,-0.39154800458409633
56.24,0.051847171057549664,-0.3918724081610922
56.25,0.05177973616620679,-0.39187069737505204
56.26,0.05167312432971954,-0.3915415656547087
56.27,0.051527372142172435,-0.3908836229715083
56.28,0.051342549050654024,-0.38989688989704124
56.29,0.05111875735379125,-0.38858227062047057
56.300000000000004,0.050856132151876864,-0.386939921145172
56.31,0.05055484130966002,-0.38497021877039195
56.32,0.050215085381880666,-0.38267487266003414
56.33,0.04983709746161876,-0.3800558201650779
56.34,0.04942114299913127,-0.3771147373423515
56.35,0.048967519618827865,-0.3738536325825157
56.36,0.048476556902637406,-0.37027523870933027
56.370000000000005,0.04794861613001227,-0.36638232169580376
56.38,0.04738409000109525,-0.3621776763697845
56.39,0.04678340233839203,-0.3576647265957936
56.4,0.04614700775206404,-0.3528470500125695
56.410000000000004,0.04547539126777074,-0.34772878903479554
56.42,0.04476906789181583,-0.34231511537239734
56.43,0.04402858206374248,-0.33661283905948186
56.44,0.043254506980473464,-0.3306296520058666
56.45,0.04244744383810073,-0.3243734547532409
56.46,0.04160802104552384,-0.31785216172574987
56.47,0.04073689345436151,-0.3110730043647152
56.480000000000004,0.03983474159236811,-0.3040441844386943
56.49,0.038902270841634196,-0.2967745772975506
56.5,0.03794021056376959,-0.2892730773175213
56.51,0.03694931320374893,-0.2815488086776106
56.52,0.03593035337940595,-0.2736109806756695
56.53,0.03488412695851054,-0.2654689216640279
56.54,0.033811450144856633,-0.2571314230804232
56.550000000000004,0.03271315865950356,-0.24860497625920724
56.56,0.03159010699073907,-0.23989786974393268
56.57,0.030443167559130863,-0.23101973974009965
56.58,0.029273229819057445,-0.22197897405262573
56.59,0.028081199532031958,-0.21277952932924019
56.6,0.026867998194168092,-0.2034282568429478
56.61,0.02563456252660089,-0.19392817266864476
56.620000000000005,0.024381844190301635,-0.1842793062692011
56.63,0.02311080992258003,-0.17447525754550558
56.64,0.0218224423091458,-0.164501233003897
56.65,0.02051774063721284,-0.1543573577235185
56.660000000000004,0.019197720872158652,-0.14405365564786216
56.67,0.017863414859873975,-0.13359985228798715
56.68,0.01651586932063066,-0.12300657018453603
56.69,0.015156144796660016,-0.11228468740587422
56.7,0.01378531455289633,-0.1014456165270971
56.71,0.012404463435550865,-0.0905011176665051
56.72,0.011014686690976995,-0.07946333935658301
56.730000000000004,0.00961708874890281,-0.0683447407330542
56.74,0.00821278197376617,-0.057158068862497996
56.75,0.006802885388472864,-0.04591630482684595
56.76,0.0053885233749649585,-0.03463262235802114
56.77,0.003970824356253513,-0.023320337732662587
56.78,0.0025509194646751517,-0.011992862206713436
56.79,0.0011299412012552167,-0.0006636519873228737
56.800000000000004,-0.0002909779088892879,0.010653841115953843
56.81,-0.0017107066601506462,0.021946219300302265
56.82,-0.0031281165041049945,0.033200187552443194
56.83,-0.004542082876392974,0.044402601554226206
56.84,-0.005951486508042344,0.05554051417064091
56.85,-0.007355214776814974,0.066599269538639
56.86,-0.008752163155355293,0.07756368319578462
56.870000000000005,-0.010141236630621176,0.08842144047381226
56.88,-0.011521350961343066,0.09916122122201272
56.89,-0.012891433824802423,0.10977186344753584
56.9,-0.014250425917122066,0.12024282182860381
56.910000000000004,-0.015597282006723901,0.1305639805247808
56.92,-0.016930971969233773,0.1407247429696891
56.93,-0.018250481829064146,0.15071479052835196
56.94,-0.01955481474005619,0.16052564201595174
56.95,-0.02084299184420412,0.1701496485855355
56.96,-0.022114053037879437,0.17957965068564172
56.97,-0.023367057676965192,0.188809152510069
56.980000000000004,-0.02460108522176156,0.1978322345212566
56.99,-0.025815235821369815,0.20664359125421472
57.0,-0.027008630838353025,0.21523850095128214
57.01,-0.028180413314472345,0.22361282406534344
57.02,-0.029329748378816377,0.2317629824059182
57.03,-0.030455823599868988,0.23968594339071858
57.04,-0.03155784928340007,0.24737919753250281
57.050000000000004,-0.03263505871971931,0.25484068984167474
57.06,-0.033686708398538726,0.2620683528268003
57.07,-0.03471207819184005,0.269060884764637
57.08,-0.03571047147458292,0.27581778066126933
57.09,-0.03668121518037366,0.28233887794184864
57.1,-0.03762365981265256,0.2886243974531972
57.11,-0.03853717942058931,0.29467487087774913
57.120000000000005,-0.03942117154295909,0.3004911245957006
57.13,-0.040275057123614774,0.3060742348215733
57.14,-0.041098280402032936,0.31142549704001754
57.15,-0.041890308782482726,0.3165463886252128
57.160000000000004,-0.04265063268529374,0.3214385355905297
57.17,-0.04337876538365969,0.3261036783550586
57.18,-0.04407424282932292,0.3305436394218868
57.19,-0.04473662347038575,0.33476029183117406
57.2,-0.045365488064368326,0.33875552924015073
57.21,-0.04596043948949241,0.34253123745891845
57.22,-0.04652110256231866,0.34608909580191893
57.230000000000004,-0.04704712389145194,0.34942995039524694
57.24,-0.047538171801147375,0.35255384784095095
57.25,-0.04799393631982679,0.3554605441202837
57.26,-0.04841412921759737,0.35814918423566927
57.27,-0.04879848408464806,0.3606187523104078
57.28,-0.04914675643915485,0.36286792481501745
57.29,-0.04945872387588046,0.36489465492735657
57.300000000000004,-0.04973418625278459,0.3666970184505384
57.31,-0.049972965883963785,0.36827315281378503
57.32,-0.05017490776080539,0.36962010422719555
57.33,-0.05033987982667769,0.37073489084123956
57.34,-0.05046777324759397,0.3716154045237839
57.35,-0.05055850266498158,0.37225873695204925
57.36,-0.050612006516933976,0.37266048208265523
57.370000000000005,-0.05062824737959931,0.3728184899193381
57.38,-0.050607212253975076,0.37272972817822353
57.39,-0.05054891289828829,0.3723896553931486
57.4,-0.05045338619135069,0.3717957058631912
57.410000000000004,-0.05032069444045365,0.3709449154530024
57.42,-0.05015092569638591,0.3698334622535691
57.43,-0.04994419408329725,0.36845867078228267
57.44,-0.049700640086515084,0.36681794257574485
57.45,-0.049420430820025715,0.3649084810912938
57.46,-0.04910376027484041,0.3627283767539266
57.47,-0.048750849520000694,0.36027596209817053
57.480000000000004,-0.048361946850297856,0.3575503410853885
57.49,-0.04793732785632597,0.35455174483808727
57.5,-0.04747729536817612,0.3512822013302287
57.51,-0.046982179256858866,0.3477447517989297
57.52,-0.0464523361474447,0.3439425266106163
57.53,-0.045888149101238423,0.33987886833562236
57.54,-0.04529002728156004,0.335557254128885
57.550000000000004,-0.0446584056038185,0.33098131890517435
57.56,-0.04399374437109404,0.3261548285558137
57.57,-0.04329652889613003,0.3210816787726777
57.58,-0.042567269110728403,0.3157658818672092
57.59,-0.041806499163414564,0.31021156055351123
57.6,-0.04101477700620449,0.30442293935713005
57.61,-0.04019268397121122,0.2984043384500026
57.620000000000005,-0.039340824337750886,0.2921601676242855
57.63,-0.03845982489051124,0.28569492164310795
57.64,-0.03755033446924899,0.27901317642355583
57.65,-0.03661302351037849,0.27211958637808226
57.660000000000004,-0.035648583580708604,0.2650188827840657
57.67,-0.034657726896441296,0.257716101220159
57.68,-0.033641185816836804,0.250216561990446
57.69,-0.03259971232531315,0.24252534221544897
57.7,-0.03153407751774996,0.23464749246230449
57.71,-0.030445071092784513,0.22658819687555912
57.72,-0.029333500834091836,0.21835270258549952
57.730000000000004,-0.028200192083658177,0.20994636227053
57.74,-0.0270459872057397,0.20137462122061356
57.75,-0.02587174502648494,0.19264349748943846
57.76,-0.024678340194426666,0.18376059726967242
57.77,-0.02346666248462549,0.1747324448451992
57.78,-0.022237616113075696,0.16556594665029978
57.79,-0.020992118940554163,0.15627167214285853
57.800000000000004,-0.019731101404839045,0.14686288618743473
57.81,-0.0184555049416722,0.13736276136466347
57.82,-0.017166279548104693,0.1278046796380464
57.83,-0.015864381197173233,0.11820416389787528
57.84,-0.014550770233879576,0.10856698333010754
57.85,-0.013226410555718004,0.09890052349773819
57.86,-0.011892268948105182,0.08921080729279784
57.870000000000005,-0.010549314451157144,0.07950398775397853
57.88,-0.009198517765873045,0.06978560501458561
57.89,-0.007840850695212745,0.06006096600306697
57.9,-0.006477285621465269,0.05033496721025128
57.910000000000004,-0.005108795017896198,0.04061220044134251
57.92,-0.003736350994617399,0.030896898874448894
57.93,-0.0023609249425794615,0.02119088531451228
57.94,-0.0009834873062138404,0.011495900434077028
57.95,0.00039499264690214274,0.0018154554159260285
57.96,0.001773547140497997,-0.007846993395461499
57.97,0.0031512102271838154,-0.017488285918617518
57.980000000000004,0.004527018080688144,-0.027106221837381043
57.99,0.005900009240002697,-0.036698433821036214
58.0,0.007269224860826956,-0.04626197099592974
58.01,0.00863370899614083,-0.05579397929748103
58.02,0.00999250888303825,-0.06529162037978822
58.03,0.011344675226486833,-0.07475206838428063
58.04,0.012689262483094474,-0.08417246718854096
58.050000000000004,0.014025329147750206,-0.09354990797433585
58.06,0.01535193804606635,-0.10288139764303594
58.07,0.01666815663541354,-0.11216383326142855
58.08,0.017973057317258193,-0.12139397537267535
58.09,0.019265717763360616,-0.13056842416448516
58.1,0.020545221258235147,-0.13968359688214207
58.11,0.021810657060081114,-0.14873570764868224
58.120000000000005,0.023061120782183957,-0.15772074943475892
58.13,0.024295714796552653,-0.1666344785955861
58.14,0.025513548661309986,-0.17547240201693667
58.15,0.02671373957300537,-0.18422976967888796
58.160000000000004,0.02789541284098881,-0.1929016874898939
58.17,0.029057702383282213,-0.20148295977907385
58.18,0.030199751252060203,-0.20996800625923026
58.19,0.031320712192586045,-0.21835097109628862
58.2,0.03241974823156769,-0.2266257322719513
58.21,0.0334960332921396,-0.2347859073386669
58.22,0.03454875283463831,-0.24282486517573101
58.230000000000004,0.03557710452207494,-0.2507357390334364
58.24,0.03658029890891812,-0.2585114430619656
58.25,0.037557560151535684,-0.2661446910291569
58.26,0.0385081267383862,-0.27362801764607114
58.27,0.03943125223781313,-0.28095380203203896
58.28,0.04032620606107299,-0.28811429326836463
58.29,0.041192274238027675,-0.2951016377579273
58.300000000000004,0.042028760202750606,-0.30190790820411295
58.31,0.04283498558613867,-0.3085251339580064
58.32,0.04361029101248706,-0.3149453325020778
58.33,0.04435403689687385,-0.32116054181932724
58.34,0.045065604240115194,-0.32716285340025686
58.35,0.0457443954179911,-0.33294444563538006
58.36,0.04638983496371889,-0.33849754240618307
58.370000000000005,0.0470013703485935,-0.3438142985865031
58.38,0.04757847276187521,-0.3488869747316101
58.39,0.04812063788206956,-0.35370798536482495
58.4,0.04862738662868768,-0.35827006345750706
58.410000000000004,0.04909826589176278,-0.36256605462845737
58.42,0.049532849240715465,-0.3665890895477408
58.43,0.049930737605917035,-0.3703326552974749
58.44,0.0502915599233369,-0.37379068234107565
58.45,0.05061497374034135,-0.3769574223232397
58.46,0.05090066579100621,-0.37982731698715233
58.47,0.05114835254031525,-0.382395306462405
58.480000000000004,0.05135778068505519,-0.38465681482700076
58.49,0.05152872760527083,-0.3866077747283593
58.5,0.051661001764735245,-0.3882446472850901
58.51,0.051754443072310266,-0.3895639897339367
58.52,0.05180892321418533,-0.3905628108418364
58.53,0.05182434594285347,-0.39123873712785145
58.54,0.051800647307159706,-0.3915900269821379
58.550000000000004,0.051737795818955774,-0.3916155863961376
58.56,0.0516357925770102,-0.39131426572691186
58.57,0.05149467139011741,-0.3906846158332149
58.58,0.051314498876225474,-0.3897264793737969
58.59,0.05109537446871386,-0.3884408321465904
58.6,0.050837430361183523,-0.3868280023725161
58.61,0.050540831464574144,-0.3848882297913562
58.620000000000005,0.050205775338772476,-0.3826231366456563
58.63,0.04983249204581989,-0.380034729990105
58.64,0.049421243966080025,-0.3771247164702737
58.65,0.04897232561492339,-0.3738950203575182
58.660000000000004,0.04848606343086282,-0.3703483349741605
58.67,0.04796281551829391,-0.3664874546829637
58.68,0.04740297137176093,-0.36231511855945125
58.69,0.04680695158124817,-0.3578347042529888
58.7,0.046175207502336384,-0.35304974144520096
58.71,0.04550822088948214,-0.3479643027013888
58.72,0.04480650347010514,-0.3425834124905346
58.730000000000004,0.04407059640974998,-0.33691375397841133
58.74,0.04330106964660528,-0.33096298002187263
58.75,0.04249852113875286,-0.3247389579489414
58.76,0.04166357608194027,-0.3182495463772289
58.77,0.04079688614382468,-0.31150194692630073
58.78,0.0398991287005039,-0.3045043438845422
58.79,0.03897100601720309,-0.2972655791048905
58.800000000000004,0.03801324437649615,-0.2897945133045821
58.81,0.03702659318548999,-0.2821002377804683
58.82,0.03601182406860819,-0.2741919294068306
58.83,0.034969729947896634,-0.26607888485405107
58.84,0.03390112413385436,-0.25776981332802723
58.85,0.03280683951219341,-0.24927117921377379
58.86,0.03168772779608008,-0.24059129298496995
58.870000000000005,0.030544658691339634,-0.231739768046139
58.88,0.02937851900241149,-0.22272487129701884
58.89,0.02819021191327985,-0.2135505209686108
58.9,0.026980656417753324,-0.20422361601433422
58.910000000000004,0.025750786815644078,-0.1947469342373634
58.92,0.024501552440208497,-0.18512044674416206
58.93,0.02323391780806471,-0.17533756464335246
58.94,0.02194886340144558,-0.16538350365561721
58.95,0.020647386509144706,-0.15525888886778125
58.96,0.019330501175537033,-0.14497383381208662
58.97,0.01799923739006749,-0.13453801734989848
58.980000000000004,0.016654640081020154,-0.12396208252104907
58.99,0.0152977680634127,-0.11325689421012917
59.0,0.013929692939878691,-0.10243386847070418
59.01,0.01255149795948792,-0.09150476031151936
59.02,0.011164276836829936,-0.08048171713799905
59.03,0.00976913253551053,-0.06937719460987886
59.04,0.008367176019763682,-0.05820393710496832
59.050000000000004,0.006959524978518793,-0.046974922218314084
59.06,0.005547302526302203,-0.035703320186601516
59.07,0.004131635885631412,-0.0244024433978421
59.08,0.0027136550556582408,-0.013085699041127158
59.09,0.001294491471942915,-0.0017665390053985836
59.1,-0.00012472333771092146,0.009541589387224214
59.11,-0.0015428590964069752,0.02082529297604674
59.120000000000005,-0.002958788115366711,0.03207128148720156
59.13,-0.004371386620336338,0.043266415395365
59.14,-0.00577953606243131,0.05439775235442526
59.15,-0.007182124471868083,0.06545054850553163
59.160000000000004,-0.008578047907822364,0.07640970171699199
59.17,-0.009966211873891958,0.08726295047322097
59.18,-0.011345532571841265,0.09799895724124258
59.19,-0.012714938047725622,0.10860657501550817
59.2,-0.014073369291846088,0.11907525649090174
59.21,-0.015419781291847763,0.1293948910534412
59.22,-0.016753144068509373,0.1395548463784509
59.230000000000004,-0.018072443717868276,0.1495448401278591
59.24,-0.019376683390173538,0.15935641065127568
59.25,-0.020664884147216272,0.16898189978197112
59.26,-0.02193608572851694,0.17841415157504528
59.27,-0.023189347256598148,0.18764666592986765
59.28,-0.024423747882087107,0.19667352149310563
59.29,-0.025638387368414724,0.20548940824348888
59.300000000000004,-0.02683238661688228,0.21408959972065486
59.31,-0.028004888132909894,0.22246995022534305
59.32,-0.02915505643477688,0.23062687462256393
59.33,-0.03028207840640249,0.23855733228041187
59.34,-0.03138516359604826,0.24625880473944878
59.35,-0.032463544464591404,0.2537292234827313
59.36,-0.033516476601622915,0.2609665083712066
59.370000000000005,-0.034543238909328464,0.26796935373809405
59.38,-0.0355431337239695,0.27473724395183935
59.39,-0.036515486872607424,0.28127000178551836
59.4,-0.037459647685651944,0.28756783424037297
59.410000000000004,-0.03837498897420299,0.29363125766105586
59.42,-0.03926090697543885,0.29946108284046136
59.43,-0.04011682126966609,0.30505836963153116
59.44,-0.04094217467249908,0.3104243967455853
59.45,-0.04173643310571325,0.31556062429267157
59.46,-0.04249908545024038,0.3204686606743906
59.47,-0.043229643384736366,0.3251502283829071
59.480000000000004,-0.04392764121305917,0.32960713176666234
59.49,-0.04459263568389636,0.33384122554217127
59.5,-0.04522420580565505,0.3378543849451521
59.51,-0.04582195265958697,0.341648477328573
59.52,-0.04638549921819129,0.3452251985233803
59.53,-0.046914490197244973,0.3485854343129656
59.54,-0.047408591976882304,0.3517292391340681
59.550000000000004,-0.04786749258776505,0.3546564070739805
59.56,-0.048290901746261376,0.357366092955466
59.57,-0.048678550932234145,0.35985726050721356
59.58,-0.0490301934960681,0.362128640994384
59.59,-0.04934560480493753,0.3641781885353371
59.6,-0.04962458242935649,0.36600394430198896
59.61,-0.04986694633691839,0.36760407462293343
59.620000000000005,-0.05007253911104633,0.36897567951057714
59.63,-0.050241226223946736,0.3701157287963336
59.64,-0.050372896310883444,0.3710220402630779
59.65,-0.050467461421969395,0.37169188671392517
59.660000000000004,-0.050524857338111594,0.37212079166683204
59.67,-0.05054504391790982,0.3723064233809021
59.68,-0.05052800538723473,0.3722459952592696
59.69,-0.05047375066653603,0.37193485338625143
59.7,-0.05038231373812166,0.3713703276038423
59.71,-0.05025375395839359,0.37054955223042585
59.72,-0.05008815637148766,0.3694686593276799
59.730000000000004,-0.04988563204214539,0.3681248865855545
59.74,-0.04964631834819917,0.36651565266128466
59.75,-0.049370379250415805,0.36463811265100304
59.76,-0.04905800554505257,0.3624902876426766
59.77,-0.04870941507073621,0.36007046175631774
59.78,-0.048324852862532006,0.35737765506485536
59.79,-0.04790459123138777,0.35441195962910943
59.800000000000004,-0.04744892972097762,0.35117525356761203
59.81,-0.04695819492084526,0.3476705271288192
59.82,-0.0464327401859936,0.34390087921588924
59.83,-0.045872945322843556,0.3398696127597829
59.84,-0.04527921625863838,0.335580171072358
59.85,-0.04465198469504848,0.3310361541831395
59.86,-0.04399170774714401,0.3262412956126003
59.870000000000005,-0.043298867568646954,0.3211994595427569
59.88,-0.04257397096443891,0.31591462857522096
59.89,-0.041817548991188544,0.3103908971436037
59.9,-0.04103015654692242,0.30463246319263293
59.910000000000004,-0.04021237195027269,0.2986436219486018
59.92,-0.03936479651005683,0.2924287599815645
59.93,-0.03848805408574928,0.28599235055327993
59.94,-0.037582790639308965,0.2793389498282006
59.95,-0.036649673778723836,0.27247319421277605
59.96,-0.035689392293529014,0.2653997987234351
59.97,-0.03470265567402152,0.2581238294771881
59.980000000000004,-0.03369019360496914,0.2506505669075838
59.99,-0.03265275544911735,0.24298505438327878
60.0,-0.03159110973799167,0.2351323410402179
60.01,-0.03050604366331598,0.22709759855034523
60.02,-0.0293983625600801,0.21888606940391842
60.03,-0.02826888938048453,0.21050309993557603
60.04,-0.027118464158408333,0.20195413205690543
60.050000000000004,-0.0259479434466795,0.19324526949560877
60.06,-0.024758199673921396,0.18438410163883642
60.07,-0.023550120450133584,0.17537707826330645
60.08,-0.022324607880062807,0.16623126929801382
60.09,-0.021082577760224323,0.1569572515082699
60.1,-0.01982495849911331,0.14756856246591582
60.11,-0.01855268950757088,0.13808892506726483
60.120000000000005,-0.01726671874250145,0.12855130218883895
60.13,-0.0159680001516473,0.11897055987990389
60.14,-0.014657492112206657,0.10935240499352852
60.15,-0.013336156627177652,0.09970423075015936
60.160000000000004,-0.012004958662401461,0.09003203541275745
60.17,-0.010664865514596016,0.08034196580731283
60.18,-0.009316846218736017,0.07063954901164528
60.19,-0.007961870990119526,0.06093008477506538
60.2,-0.006600910702583093,0.05121846199857874
60.21,-0.005234936400813799,0.04150926769092619
60.22,-0.003864918846896973,0.03180672559546565
60.230000000000004,-0.0024918281660569314,0.022112620037221392
60.24,-0.0011166336202652787,0.012428727991562718
60.25,0.0002596966237697287,0.0027585814743748016
60.26,0.001636195810636916,-0.006894368510972649
60.27,0.0030118989341722663,-0.016526954477553948
60.28,0.004385843029914574,-0.026136977483492634
60.29,0.005757067419877642,-0.03572205240814206
60.300000000000004,0.007124613965254227,-0.04527921515951573
60.31,0.008487527348319864,-0.05480560107837166
60.32,0.009844855360481781,-0.06429835785301947
60.33,0.011195649187375837,-0.07375464542372279
60.34,0.012538963694099091,-0.08317159183006612
60.35,0.013873857713425487,-0.09254627165895148
60.36,0.015199394339923643,-0.10187567420935068
60.370000000000005,0.01651464123275334,-0.11115667826135753
60.38,0.01781867092983792,-0.12038602542975702
60.39,0.019110561175956622,-0.12956029651952275
60.4,0.020389395267144388,-0.13867588905605688
60.410000000000004,0.021654262413593882,-0.14772899725779368
60.42,0.022904258123045005,-0.15671559413896977
60.43,0.02413848460641425,-0.1656314161853541
60.44,0.02535605120716696,-0.17447195063028145
60.45,0.026556074855562804,-0.18323242899546197
60.46,0.027737680544805677,-0.1919079417600148
60.47,0.028900001828708874,-0.20049327163239397
60.480000000000004,0.030042181349146848,-0.20898281893496062
60.49,0.031163371396874157,-0.21737071168488734
60.5,0.03226273450157145,-0.2256508113581868
60.51,0.03333944404842296,-0.2338167205520221
60.52,0.03439268492039661,-0.2418617938901988
60.53,0.03542165416511849,-0.2497791515798489
60.54,0.03642556168495235,-0.2575616957542636
60.550000000000004,0.0374036309486271,-0.2652021293371599
60.56,0.038355099722500806,-0.27269297733156433
60.57,0.03927922081931188,-0.2800266103232046
60.58,0.04017526286204801,-0.28719527001881145
60.59,0.04104251106036321,-0.2941910966014631
60.6,0.04188026799679387,-0.3010061576846099
60.61,0.04268785441986803,-0.3076324786303934
60.620000000000005,0.04346461004106811,-0.3140620739929864
60.63,0.04420989433249804,-0.3202869798406206
60.64,0.04492308732202033,-0.3262992867073552
60.65,0.045603590382568726,-0.332091172924044
60.660000000000004,0.04625082701407216,-0.33765488088580065
60.67,0.04686424362303167,-0.342982570334584
60.68,0.04744331030075752,-0.34806653566817936
60.69,0.04798752159328698,-0.35289917827985723
60.7,0.04849639725265499,-0.35747324635549615
60.71,0.04896948296494107,-0.3617816171867295
60.72,0.04940635105732688,-0.3658174196026624
60.730000000000004,0.049806601179085856,-0.36957414194538174
60.74,0.05016986094574924,-0.373045729438837
60.75,0.05049578654357536,-0.37622645238052754
60.76,0.050784063302960626,-0.37911077483375777
60.77,0.05103440624111359,-0.38169363866885553
60.78,0.051246560562680746,-0.3839704596167057
60.79,0.05142030211081921,-0.385937194954555
60.800000000000004,0.051555437766559443,-0.3875903076208185
60.81,0.051651805808387255,-0.3889263937980915
60.82,0.05170927624206533,-0.38994247709747154
60.83,0.0517277510890455,-0.3906361536252085
60.84,0.0517071646177509,-0.3910056809597827
60.85,0.051647483511199674,-0.39104995445888063
60.86,0.05154870698783139,-0.39076794192429204
60.870000000000005,0.05141086691949052,-0.39015817917950457
60.88,0.05123402793273216,-0.38922038720770585
60.89,0.05101828742036379,-0.387955575557177
60.9,0.05076377548258229,-0.38636421468089555
60.910000000000004,0.050470654878539065,-0.384446475033882
60.92,0.050139120960681065,-0.38220391014857036
60.93,0.049769401531244574,-0.3796385748838487
60.94,0.049361756656086435,-0.3767522190723696
60.95,0.048916478479761286,-0.373546719369595
60.96,0.048433891016232335,-0.37002473420514237
60.97,0.0479143498930577,-0.36618909739583055
60.980000000000004,0.0473582420754804,-0.3620425129213877
60.99,0.04676598557361538,-0.3575883279146984
61.0,0.04613802911556417,-0.3528300474992037
61.01,0.04547485178415924,-0.3477716907966803
61.02,0.04477696259759328,-0.3424181715432282
61.03,0.044044899984581734,-0.33677606025744145
61.04,0.04327923112775287,-0.3308529734816399
61.050000000000004,0.042480551215684205,-0.32465675363446606
61.06,0.04164948266425671,-0.318195206382952
61.07,0.04078667435474361,-0.31147550943428065
61.08,0.03989280087296247,-0.30450583430456785
61.09,0.03896856169197474,-0.29729499336858134
61.1,0.038014680302936414,-0.2898518174944732
61.11,0.0370319033252579,-0.28218536819498574
61.120000000000005,0.036020999602368,-0.2743047925406149
61.13,0.034982759284995384,-0.266219357530149
61.14,0.033917992926635394,-0.2579376887167031
61.15,0.032827530675808174,-0.24946622517213493
61.160000000000004,0.031712221530565944,-0.2408132979923601
61.17,0.03057293250393174,-0.2319884962020152
61.18,0.02941054773453391,-0.22299996090304436
61.19,0.028225967775392134,-0.2138515726897501
61.2,0.027020109027511542,-0.20455026385609365
61.21,0.02579390324236611,-0.195098578689582
61.22,0.02454829726277978,-0.18549640511387644
61.230000000000004,0.023284253188037805,-0.17573694449954974
61.24,0.02200274916779557,-0.1658054237360657
61.25,0.020704780232309726,-0.15570293143563932
61.26,0.01939135821600992,-0.14543965688418223
61.27,0.018063510935558382,-0.1350252313825694
61.28,0.01672228118404926,-0.12447031164775023
61.29,0.015368725679687641,-0.11378574569975967
61.300000000000004,0.014003913967283385,-0.10298294800726762
61.31,0.01262892727776971,-0.09207366428568338
61.32,0.011244857347948787,-0.08107003637311246
61.33,0.009852805204681694,-0.06998451231598571
61.34,0.008453879917196672,-0.05882982967663399
61.35,0.007049197321873927,-0.047618958577360086
61.36,0.005639878723879971,-0.036365061830394514
61.370000000000005,0.004227049580314994,-0.025081444082941058
61.38,0.002811838169628038,-0.013781504647968203
61.39,0.0013953742521827176,-0.002478687321165964
61.4,-2.121227309785537e-05,0.008813568826370946
61.410000000000004,-0.001436792711054927,0.02008187904480084
61.42,-0.002850240906662794,0.03131296159368628
61.43,-0.0042604345705818695,0.04249368557826234
61.44,-0.00566625658915139,0.05361111698043348
61.45,-0.007066596380371085,0.06465042019550768
61.46,-0.008460351345349417,0.07559658303991391
61.47,-0.009846428279338335,0.08643740226803882
61.480000000000004,-0.011223744621279707,0.0971615255660725
61.49,-0.012591229598864892,0.107757826783193
61.5,-0.013947825327673262,0.11821576115339578
61.51,-0.01529248786343024,0.12852522787841755
61.52,-0.01662418823825113,0.1386755625855947
61.53,-0.017941913502854935,0.1486565250543547
61.54,-0.019244667703275497,0.1584596793954816
61.550000000000004,-0.02053147273618474,0.16807736429909778
61.56,-0.02180136911441349,0.17750243395628257
61.57,-0.023053416671712533,0.18672839064105554
61.58,-0.024286695207380637,0.19574931808470752
61.59,-0.025500305070588144,0.20455990877763
61.6,-0.02669336768514065,0.21315543880346957
61.61,-0.027865026015513814,0.22153176370756636
61.620000000000005,-0.02901444497546375,0.22968529894624132
61.63,-0.03014081178076622,0.2376130034910627
61.64,-0.031243336247964555,0.24531235766279563
61.65,-0.03232125104288406,0.2527812873391641
61.660000000000004,-0.03337381189717442,0.2600177077374395
61.67,-0.03440029779242777,0.2670203165220561
61.68,-0.03540001108167433,0.2737885952329396
61.690000000000005,-0.03637227754638161,0.28032236012580186
61.7,-0.03731644640956274,0.2866218122967289
61.71,-0.038231890313766156,0.2926874607226098
61.72,-0.03911800526718285,0.29852010846390514
61.730000000000004,-0.03997421056148851,0.30412080679246306
61.74,-0.04079994866488102,0.30949082530173005
61.75,-0.04159468509385394,0.3146316143647451
61.76,-0.04235790826716878,0.31954477214495347
61.77,-0.0430891293454515,0.3242320104153903
61.78,-0.043787882059745556,0.3286951223951947
61.79,-0.04445372253225548,0.33293595130790876
61.800000000000004,-0.045086229092388325,0.33695636059159045
61.81,-0.04568500209106028,0.3407582055492836
61.82,-0.0462496637199761,0.34434318044119905
61.83,-0.04677985786368093,0.34771218057881725
61.84,-0.04727525002008743,0.35086526405737256
61.85,-0.04773552728579401,0.3538022406148916
61.86,-0.04816039839021956,0.3565222715253692
61.870000000000005,-0.04854959377284597,0.3590243178577101
61.88,-0.04890286568953712,0.36130713395371455
61.89,-0.049219988357381644,0.36336868487568397
61.9,-0.0495007581405535,0.36520700186316984
61.910000000000004,-0.04974499374395335,0.3668202633115795
61.92,-0.04995253643034683,0.3682056085152978
61.93,-0.05012325029159414,0.369359992592177
61.940000000000005,-0.0502570225239703,0.3702811978279447
61.95,-0.05035376367907869,0.37096659169205576
61.96,-0.05041340797628743,0.3714116826313506
61.97,-0.05043591365157081,0.37161403948887467
61.980000000000004,-0.05042126324816302,0.3715710095274461
61.99,-0.050369463940482084,0.3712778979330466
62.0,-0.05028054790265181,0.37073197404833813
62.01,-0.05015457262268843,0.3699304319579322
62.02,-0.0499916212146778,0.3688693942071315
62.03,-0.049791802752616236,0.3675460440659303
62.04,-0.049555252565243436,0.36595781728633886
62.050000000000004,-0.049282132506888635,0.364101843956085
62.06,-0.048972631212134694,0.36197610593927054
62.07,-0.048626964305904706,0.3595788621891992
62.08,-0.0482453745612072,0.3569090790439217
62.09,-0.04782813198434916,0.35396676372974306
62.1,-0.04737553378033167,0.3507536874104164
62.11,-0.04688790417425889,0.3472727979476901
62.120000000000005,-0.04636559413591639,0.34352716888012497
62.13,-0.04580898106885241,0.3395200696813128
62.14,-0.045218468482826395,0.3352549147964837
62.15,-0.04459448565044064,0.3307352737850678
62.160000000000004,-0.04393748724907773,0.32596485133394
62.17,-0.04324795298906355,0.3209474829442116
62.18,-0.04252638722901467,0.31568712356037626
62.190000000000005,-0.041773318579229696,0.3101878406682875
62.2,-0.0409892994939388,0.30445380624397034
62.21,-0.04017490585313832,0.29848929049233297
62.22,-0.03933073653465876,0.29229865601844585
62.230000000000004,-0.038457412977020294,0.2858863532037668
62.24,-0.037555578733534524,0.2792569164750454
62.25,-0.03662589901800905,0.27241496167564455
62.26,-0.035669060242290905,0.2653651850174923
62.27,-0.03468576953613459,0.25811267469649135
62.28,-0.03367675424152988,0.2506626678024059
62.29,-0.03264276139894889,0.24302017414207264
62.300000000000004,-0.03158455724084529,0.23519023691149016
62.31,-0.030502926684573984,0.22717801012424432
62.32,-0.029398672816755397,0.21898872630981203
62.33,-0.028272616368431383,0.21062771980068654
62.34,-0.027125595180606834,0.20210042329787242
62.35,-0.02595846363979018,0.19341301899516775
62.36,-0.024772092032082457,0.18457306596778583
62.370000000000005,-0.02356736585089568,0.17558694301602362
62.38,-0.022345185109456173,0.16646188114322957
62.39,-0.021106463531234337,0.15720845838821665
62.4,-0.019852127459022213,0.14784046793246933
62.410000000000004,-0.018583114216201922,0.13838216564426511
62.42,-0.017300369631649,0.128866107629601
62.43,-0.016004845512398124,0.1193065659941038
62.440000000000005,-0.014697498121181747,0.10970919720865584
62.45,-0.013379287387161357,0.10008138907987017
62.46,-0.012051176245036842,0.09042911383242631
62.47,-0.010714130004911775,0.08075850407488537
62.480000000000004,-0.009369115761461048,0.07107506837874189
62.49,-0.008017101837643668,0.06138409186556932
62.5,-0.00665905726446046,0.05169044870563173
62.51,-0.005295951294675947,0.04199871315924758
62.52,-0.003928752950805324,0.03231309216358893
62.53,-0.0025584306731348716,0.022635331230832084
62.54,-0.0011859520949965329,0.012967226205476651
62.550000000000004,0.0001877161896287735,0.0033123162612577486
62.56,0.001561608942480187,-0.006325960263657089
62.57,0.002934762618432134,-0.015944437528049374
62.58,0.004306215657408493,-0.02554092339546473
62.59,0.005675008728862069,-0.035113030287424775
62.6,0.007040184984498823,-0.04465779303208545
62.61,0.008400790340326113,-0.05417234559131933
62.620000000000005,0.009755873764892986,-0.06365383235089656
62.63,0.011104487564711274,-0.07309940891430254
62.64,0.01244568766994408,-0.08250619760215483
62.65,0.013778533923199922,-0.09187126618506256
62.660000000000004,0.015102090374344929,-0.10119159602953127
62.67,0.016415425584100515,-0.1104640570115643
62.68,0.017717612939114728,-0.11968538094316593
62.690000000000005,0.019007730981041235,-0.12885213804516196
62.7,0.02028486375200307,-0.1379607145795032
62.71,0.021548101158624995,-0.14700729293687795
62.72,0.0227965393566086,-0.1559878338516153
62.730000000000004,0.02402928115759113,-0.16489806119287712
62.74,0.025245436459779575,-0.1737334493546772
62.75,0.026444122703471393,-0.1824892171597219
62.76,0.027624465348451196,-0.19116044322665704
62.77,0.0287855983729119,-0.19974189667412853
62.78,0.02992666480221839,-0.20822796465269483
62.79,0.03104681727102306,-0.21661276294332324
62.800000000000004,0.032145218614551156,-0.22489014087388878
62.81,0.03322104248637499,-0.23305368953620728
62.82,0.034273474001842205,-0.24109675253699056
62.83,0.03530171040604073,-0.24901243974338605
62.84,0.03630496176490457,-0.2567936436307968
62.85,0.0372824516777969,-0.26443305823146956
62.86,0.038233418009653776,-0.2719232004550114
62.870000000000005,0.03915711364053433,-0.27925643363650676
62.88,0.040052807230204726,-0.28642499309960506
62.89,0.040919783995183145,-0.29342101353328676
62.9,0.04175734649549512,-0.3002365579558144
62.910000000000004,0.042564815428232206,-0.30686364803579846
62.92,0.04334153042487428,-0.31329429552933685
62.93,0.0440868508492269,-0.31952053458827967
62.940000000000005,0.04480015659274093,-0.32553445469054526
62.95,0.045480848863922126,-0.33132823394264094
62.96,0.046128350970154004,-0.3368941190473454
62.97,0.04674210909695283,-0.34222427343195394
62.980000000000004,0.047321593085540334,-0.34731100436542983
62.99,0.047866297202022824,-0.35214671422138855
63.0,0.04837574088806033,-0.3567241608694201
63.01,0.04884946948794404,-0.36103623689001707
63.02,0.049287054954509926,-0.3650760775173333
63.03,0.04968809652928319,-0.36883717844345565
63.04,0.05005222138582509,-0.37231349557563037
63.050000000000004,0.05037908523313243,-0.37549931207480314
63.06,0.05066837288762251,-0.3783891107909216
63.07,0.0509197988144172,-0.38097784033741194
63.08,0.05113310762710626,-0.383260921576695
63.09,0.05130807453793893,-0.3852343278081157
63.1,0.05144450575612332,-0.3868945275023311
63.11,0.05154223884590596,-0.3882381464155777
63.120000000000005,0.051601143054387594,-0.3892622222861366
63.13,0.051621119598821374,-0.38996434578665873
63.14,0.051602101897757546,-0.39034277860116334
63.15,0.05154405573857128,-0.39039641610164405
63.160000000000004,0.05144697939618679,-0.3901242915548819
63.17,0.051310903747574285,-0.38952494899479073
63.18,0.05113589237313694,-0.3885980517380036
63.190000000000005,0.050922041570514796,-0.3873446230500723
63.2,0.05066948029341405,-0.38576522311416606
63.21,0.05037837009904894,-0.3838600036307595
63.22,0.050048905082866586,-0.38163047827647306
63.230000000000004,0.04968131173649501,-0.37907873056475866
63.24,0.04927584875982053,-0.3762065468133271
63.25,0.04883280687415997,-0.37301578868634044
63.26,0.04835250861360285,-0.36950909478977234
63.27,0.04783530806948425,-0.3656893309689445
63.28,0.0472815906137105,-0.3615591874114351
63.29,0.04669177260649167,-0.3571219951418996
63.300000000000004,0.04606630107074017,-0.3523812522884174
63.31,0.04540565333040387,-0.34734094799521015
63.32,0.04471033659474182,-0.3420059302971758
63.33,0.04398088743972732,-0.33638269182728847
63.34,0.0432178711574064,-0.3304788224140552
63.35,0.04242188101127818,-0.3243021487243989
63.36,0.041593537460343916,-0.3178604314117424
63.370000000000005,0.04073348740018976,-0.31116083328228333
63.38,0.03984240340391486,-0.3042115209571413
63.39,0.03892098290604573,-0.2970212848207979
63.4,0.037969947335251636,-0.28959893364297973
63.410000000000004,0.0369900412267314,-0.2819535062128273
63.42,0.03598203132024545,-0.2740941266170008
63.43,0.034946705645701556,-0.266030038514132
63.440000000000005,0.03388487262261921,-0.2577697899883499
63.45,0.03279736025723977,-0.24931980179533997
63.46,0.03168501539878614,-0.24068842713865116
63.47,0.030548702904826856,-0.23188523381239717
63.480000000000004,0.029389304756189494,-0.22291824410112063
63.49,0.02820771935294901,-0.2137913089395457
63.5,0.02700486095111448,-0.20451138391901313
63.51,0.025781659170971038,-0.19508080521699847
63.52,0.02453905875059711,-0.18549936941232742
63.53,0.023278019725857635,-0.1757600750452957
63.54,0.021999518235400677,-0.16584817274999322
63.550000000000004,0.02070454734131254,-0.15576515322128398
63.56,0.019394116930488203,-0.14552126653883735
63.57,0.018069252883016838,-0.13512610283991042
63.58,0.016730996066923732,-0.12459032821567745
63.59,0.015380401287690623,-0.11392477477349591
63.6,0.014018536190453608,-0.10314085363091655
63.61,0.01264648012030358,-0.09225030071707968
63.620000000000005,0.011265322942790599,-0.08126525108860105
63.63,0.00987616382890598,-0.07019814424029498
63.64,0.008480110008193075,-0.05906170975534889
63.65,0.007078275494360944,-0.04786890914056639
63.660000000000004,0.005671779787769525,-0.036632896532590095
63.67,0.0042617465594547285,-0.025366967535345814
63.68,0.002849302321447593,-0.0140845121943707
63.690000000000005,0.0014355750882714985,-0.0027989647406534324
63.7,2.169303454550078e-05,0.008476245572575718
63.71,-0.001391216846354738,0.019727744072491935
63.72,-0.002802030077655902,0.03094225932758623
63.730000000000004,-0.004209626023707185,0.04210667096562019
63.74,-0.005612889198992954,0.053208053287957094
63.75,-0.0070107106259275865,0.0642314918981408
63.76,-0.008401989287469054,0.07516205759723442
63.77,-0.009785633533923963,0.08598760183414683
63.78,-0.011160562328439712,0.09669676303188005
63.79,-0.012525706390749736,0.10727843744061838
63.800000000000004,-0.013880009295192048,0.11772208666840478
63.81,-0.01522242852183654,0.12801762201798347
63.82,-0.01655193649277218,0.1381543542703127
63.83,-0.01786752161400712,0.1481220853785977
63.84,-0.01916818924973039,0.157912407239288
63.85,-0.020452962575363557,0.1675176606943844
63.86,-0.02172088334199022,0.1769307140665091
63.870000000000005,-0.02297101258015042,0.18614507696248472
63.88,-0.02420243124352305,0.19515484297479813
63.89,-0.025414240792381054,0.20395471225814304
63.9,-0.026605563717541827,0.21253996867347455
63.910000000000004,-0.027775544005660097,0.22090647445423134
63.92,-0.028923347547164326,0.2290506512171734
63.93,-0.03004816248839536,0.23696946325329546
63.940000000000005,-0.0311491995298277,0.24466039549345167
63.95,-0.03222569217423424,0.25212137436437687
63.96,-0.03327689694306373,0.2593503165973394
63.97,-0.03430209356020771,0.26634592846182653
63.980000000000004,-0.03530058507294411,0.2731076946441535
63.99,-0.036271697908615085,0.2796354312736627
64.0,-0.037214781887669475,0.2859293397670709
64.01,-0.038129210201671475,0.29198992805516544
64.02,-0.039014379359498606,0.2978179977265888
64.03,-0.03986970910534912,0.3034145977245673
64.04,-0.04069464231201377,0.3087809947178256
64.05,-0.04148864485295093,0.31391863547813836
64.06,-0.042251205456623586,0.31882911398568237
64.07000000000001,-0.042981835546520256,0.32351413725898015
64.08,-0.04368006907018814,0.3279754932472429
64.09,-0.04434546232050831,0.3322150194245324
64.1,-0.04497759375231598,0.33623457304768256
64.11,-0.04557606379732864,0.3400360028500265
64.12,-0.046140494684243305,0.34362099106463784
64.13,-0.04667053029187377,0.346990421280715
64.14,-0.04716583607057904,0.35014434884579054
64.15,-0.04762609902802334,0.3530825810825391
64.16,-0.048051027763388196,0.35580428238076867
64.17,-0.04844035254433424,0.3583084194671063
64.18,-0.04879382541287028,0.3605937502136073
64.19,-0.04911122032968439,0.36265824698951116
64.2,-0.04939233335935661,0.36449994807733116
64.21000000000001,-0.0496369828633029,0.3661170385230218
64.22,-0.04984500971606485,0.36750666996628634
64.23,-0.050016277575559105,0.36866580527266896
64.24,-0.0501506731577727,0.3695922266786432
64.25,-0.050248106486757954,0.37028332653779666
64.26,-0.05030851120559497,0.37073462126828605
64.27,-0.0503318449249379,0.37094366059480366
64.28,-0.05031808951319216,0.37090783270951877
64.29,-0.050267251418839344,0.3706224413533415
64.3,-0.0501793620386301,0.3700847426488318
64.31,-0.050054478031723686,0.36929195428389
64.32000000000001,-0.0498926816307933,0.36824020422742226
64.33,-0.049694080975612426,0.3669266602100738
64.34,-0.04945881040822042,0.365348768599042
64.35,-0.049187030743730806,0.3635036536697547
64.36,-0.04887892952544372,0.3613892852629931
64.37,-0.04853472123591078,0.35900391359620526
64.38,-0.04815464745604743,0.35634648238305744
64.39,-0.047738976952759714,0.35341696243521553
64.4,-0.0472880056482384,0.3502170713469412
64.41,-0.046802056445558085,0.3467497302378745
64.42,-0.04628147895618681,0.3430179947445906
64.43,-0.045726649191179705,0.33902511165710575
64.44,-0.045137969235735445,0.3347744748761075
64.45,-0.044515866907961575,0.3302696322168907
64.46000000000001,-0.04386079540294447,0.3255142672132664
64.47,-0.043173232923045,0.3205121940286223
64.48,-0.04245368229536612,0.3152673465902764
64.49,-0.04170267057724676,0.30978377154898823
64.5,-0.040920748650587174,0.3040656204072563
64.51,-0.040108490805726454,0.29811714327389477
64.52,-0.03926649431551305,0.2919426831276978
64.53,-0.03839537900011628,0.28554667124185895
64.54,-0.03749578678303107,0.2789336235166824
64.55,-0.03656838123862729,0.27210813789991367
64.56,-0.03561384713140726,0.26507489555599123
64.57000000000001,-0.034632889936613835,0.25783899623250955
64.58,-0.033626235335372484,0.2504056417849313
64.59,-0.03259462870329123,0.2427798147682942
64.6,-0.03153883460625424,0.23496655019417295
64.61,-0.030459636294791526,0.22697098563101534
64.62,-0.02935783518975865,0.2187983425393613
64.63,-0.02823425035874985,0.2104539427529143
64.64,-0.027089717982800205,0.20194320845367716
64.65,-0.02592509079065591,0.1932723878189705
64.66,-0.024741237410866156,0.18444900579222712
64.67,-0.02353904168170965,0.1754793820109413
64.68,-0.022319401962884785,0.16637089033030084
64.69,-0.021083230320098022,0.1571341073500294
64.7,-0.019831451424665983,0.14778304413559284
64.71000000000001,-0.01856500088966935,0.13834242257181242
64.72,-0.017284822778608714,0.12884444011204832
64.73,-0.015991867101671924,0.11930287976207316
64.74,-0.01468708832559576,0.10972336282479418
64.75,-0.013371444596192545,0.10011326422901105
64.76,-0.012045897079498095,0.09047853326167038
64.77,-0.010711409333551258,0.0808252854521596
64.78,-0.009368946719446457,0.07115901030710135
64.79,-0.008019475846850414,0.061484975935452275
64.8,-0.006663964055497215,0.05180803963866799
64.81,-0.005303378930562746,0.042132760012539815
64.82000000000001,-0.003938687852355989,0.03246332463334578
64.83,-0.0025708576467484132,0.02280144196514739
64.84,-0.0012008543623697801,0.013148917272672575
64.85,0.00017035696151922444,0.0035092896420628175
64.86,0.0015418126110833315,-0.006114018608495498
64.87,0.0029125505343312024,-0.015717848243372093
64.88,0.004281610632077025,-0.025300017167531625
64.89,0.005648035001622389,-0.03485814335106727
64.9,0.007010868188832934,-0.0443892672991837
64.91,0.00836915746966304,-0.05389052730284646
64.92,0.009721953137971577,-0.06335907094286125
64.93,0.011068308790638528,-0.07279205580494198
64.94,0.012407281613066203,-0.08218660506123078
64.95,0.013737932667900314,-0.09153978621830167
64.96000000000001,0.015059327189879086,-0.10084857932455575
64.97,0.01637053488957288,-0.11010985193426694
64.98,0.0176706302686968,-0.1193203326013142
64.99,0.018958692949523775,-0.12847658742103213
65.0,0.020233808020768088,-0.13757499773977258
65.01,0.02149506640211559,-0.1466117403235504
65.02,0.022741565229366493,-0.15558276965870418
65.03,0.02397240826192317,-0.16448380283176606
65.04,0.025186706314105686,-0.17331030701059866
65.05,0.026383577711402297,-0.1820574932739798
65.06,0.027562148768642897,-0.19072043208958192
65.07000000000001,0.02872155428969793,-0.19929388537384288
65.08,0.029860938097001438,-0.20777223241373405
65.09,0.030979453594453484,-0.21614958068627435
65.1,0.0320762643595174,-0.22441977153241463
65.11,0.03315054476179686,-0.23257638812539788
65.12,0.034201480607247654,-0.24061276646739366
65.13,0.03522826980689985,-0.24852200912639025
65.14,0.03623012306868675,-0.2562970016947267
65.15,0.037206264610710284,-0.2639304317800652
65.16,0.03815593289402006,-0.27141481039321985
65.17,0.039078381372746204,-0.2787424955413596
65.18,0.039972879259208303,-0.285905717837133
65.19,0.040838712301423594,-0.2928966079105466
65.2,0.04167518357026001,-0.2997072254028702
65.21000000000001,0.04248161425332431,-0.30632958930953397
65.22,0.04325734445254336,-0.31275570943250214
65.23,0.04400173398228876,-0.31897761869656244
65.24,0.044714163164810944,-0.324987406080938
65.25,0.045394033619690785,-0.3307772499164865
65.26,0.046040769045777835,-0.33633939312797584
65.27,0.04665381600055031,-0.3416660016412906
65.28,0.04723264467770155,-0.3467493806998752
65.29,0.04777674967604916,-0.3515819430676292
65.3,0.048285650749560524,-0.3561564521381406
65.31,0.04875889353384032,-0.3604658041187102
65.32000000000001,0.04919605025141716,-0.364503145216993
65.33,0.04959672039099731,-0.3682619801099274
65.34,0.04996053134986584,-0.37173627394141157
65.35,0.05028713903636382,-0.3749203192292322
65.36,0.050576228440903,-0.3778086093759718
65.37,0.05082751417619003,-0.38039610446161565
65.38,0.051040740975872224,-0.38267823645719634
65.39,0.051215684143606825,-0.3846509899151225
65.4,0.05135214995025613,-0.3863108439669145
65.41,0.05144997599076085,-0.3876544391916567
65.42,0.05150903151060977,-0.3886788264026579
65.43,0.051529217691898055,-0.38938160603752947
65.44,0.05151046788343179,-0.38976104948953966
65.45,0.05145274776732899,-0.3898160603764845
65.46000000000001,0.05135605547637697,-0.38954569683936113
65.47,0.05122042170677141,-0.38894851479044923
65.48,0.05104590981860319,-0.3880241717883584
65.49,0.05083261584939511,-0.3867737013644398
65.5,0.05058066845136689,-0.3851977016442993
65.51,0.050290228836629626,-0.38329632986915146
65.52,0.0499614907111147,-0.3810710923534391
65.53,0.04959468013226624,-0.3785240891245908
65.54,0.04919005531977106,-0.3756571284484066
65.55,0.04874790646721244,-0.3724720754981443
65.56,0.048268555532862245,-0.36897156704304546
65.57000000000001,0.04775235598359615,-0.3651584876875457
65.58,0.04719969251726397,-0.36103552973343933
65.59,0.046610980770024166,-0.35660602171355726
65.6,0.0459866669907183,-0.35187346516922136
65.61,0.04532722767939062,-0.3468418393395
65.62,0.04463316917276445,-0.34151596701925563
65.63,0.043905027128183345,-0.33590230533177867
65.64,0.043143365875656293,-0.33000843002578223
65.65,0.04234877767487084,-0.32384216011851263
65.66,0.04152188194096953,-0.31741122154760304
65.67,0.04066332448766886,-0.31072277158731465
65.68,0.03977377676904033,-0.3037849802924215
65.69,0.03885393506378054,-0.2966066245688929
65.7,0.03790451960892707,-0.28919650013793874
65.71000000000001,0.036926273713595234,-0.2815636315544506
65.72,0.03591996285841943,-0.27371712836891393
65.73,0.03488637378260769,-0.2656662190195642
65.74,0.03382631358651067,-0.2574193846554398
65.75,0.03274060893262605,-0.2489830366970673
65.76,0.03163010530287885,-0.2403655530528297
65.77,0.030495666163428223,-0.23157648602043418
65.78,0.02933817208309126,-0.2226237531307283
65.79,0.028158520035400845,-0.21351118618952697
65.8,0.026957622837759605,-0.20424575849991622
65.81,0.025736408664664954,-0.19482963192933578
65.82000000000001,0.024495820812179048,-0.18526251574982436
65.83,0.023236817891225073,-0.17553722873088282
65.84,0.02196037464209007,-0.16563905701608586
65.85,0.0206674827465397,-0.1555698262442955
65.86,0.019359150710451745,-0.1453398349365628
65.87,0.01803640302416938,-0.13495864160395835
65.88,0.016700279157605042,-0.12443692021042209
65.89,0.015351832510369359,-0.11378549078824847
65.9,0.013992129314482769,-0.10301576209356496
65.91,0.012622247495264,-0.09213946250835263
65.92,0.011243275492418629,-0.0811687217487007
65.93,0.009856311045646453,-0.07011597242518777
65.94,0.008462459948401373,-0.05899393752263187
65.95,0.007062834774191174,-0.047815571281495994
65.96000000000001,0.005658553579782977,-0.03659402035029693
65.97,0.004250738589987195,-0.025342572377107783
65.98,0.0028405148687741287,-0.01407460909244081
65.99,0.0014290089816085321,-0.0028035559927201614
66.0,1.734765393006493e-05,0.008457166790500003
66.01,-0.0013933435692691288,0.01969419409899767
66.02,-0.0028019416578482026,0.030894264387579612
66.03,-0.004207327420045478,0.04204426752679889
66.04,-0.005608386810576146,0.05313128474714325
66.05,-0.007004012289768999,0.06414034053264046
66.06,-0.008393104276938788,0.0750565744568458
66.07000000000001,-0.009774572553577578,0.085867884132542
66.08,-0.011147337505344048,0.0965629035986959
66.09,-0.01251033126446781,0.10713055002099349
66.1,-0.013862498806563246,0.117560293381053
66.11,-0.015202799000547653,0.1278420573742014
66.12,-0.016530205644678886,0.13796513568018468
66.13,-0.017843708507887874,0.14791936807296044
66.14,-0.019142314301697654,0.15769637278230034
66.15,-0.020425047531051246,0.16728849636211687
66.16,-0.021690951257459665,0.17668862266356578
66.17,-0.022939087801604044,0.18589027142148384
66.18,-0.024168539385832626,0.19488754849278828
66.19,-0.02537840871648432,0.20367516459279614
66.2,-0.026567819506744708,0.21224841429466232
66.21000000000001,-0.027735916940896502,0.22060316970753627
66.22,-0.028881868081264094,0.2287358619273983
66.23,-0.03000486221941698,0.2366434640598146
66.24,-0.031104111173514096,0.24432346927796694
66.25,-0.03217884953574267,0.25177380869759464
66.26,-0.03322833488812935,0.2589924046229804
66.27,-0.03425184798558111,0.2659779749283573
66.28,-0.035248692875928966,0.27273001132241637
66.29,-0.036218196955898334,0.2792483341930184
66.3,-0.037159710983661526,0.2855331495248967
66.31,-0.03807260905643293,0.2915849686108455
66.32000000000001,-0.038956288556320405,0.29740459596567936
66.33,-0.03981017006805628,0.3029930826559344
66.34,-0.04063369727205925,0.30835169687847325
66.35,-0.04142633681636566,0.3134818862636791
66.36,-0.04218757817088574,0.3183852450525529
66.37,-0.04291693346740512,0.3230634799298896
66.38,-0.043613937328656614,0.3275183779581956
66.39,-0.0442781466896894,0.3317517751978304
66.4,-0.044909140614635405,0.3357655270018056
66.41,-0.04550652011183225,0.3395614797435134
66.42,-0.046069907954616254,0.3431412981050623
66.43,-0.04659894853610237,0.3465058420474
66.44,-0.0470933077923172,0.3496551607269125
66.45,-0.0475526731891779,0.352589047000232
66.46000000000001,-0.04797675375754697,0.355306665063544
66.47,-0.04836528017020277,0.3578069909279665
66.48,-0.04871800484757299,0.3600887721272407
66.49,-0.04903470210230755,0.36214998379801155
66.5,-0.049315168324069354,0.36398868007897184
66.51,-0.04955922217158118,0.3656030479424089
66.52,-0.04976670478878568,0.36699022999897446
66.53,-0.04993748007489263,0.36814720887884306
66.54,-0.050071434957570306,0.3690717897029946
66.55,-0.05016847964217755,0.36976134027498037
66.56,-0.05022854792296332,0.3702113939657035
66.57000000000001,-0.05025159753007694,0.37041953885667955
66.58,-0.050237610418338664,0.3703831364924226
66.59,-0.050186593089520885,0.37009751011996855
66.6,-0.050098576959419806,0.36955993803185305
66.61,-0.049973618670672224,0.368767632819174
66.62,-0.04981180040334716,0.36771673305895203
66.63,-0.0496132302076921,0.3664044199930772
66.64,-0.04937804229830628,0.36482814373037953
66.65,-0.049106397324285185,0.36298503541860094
66.66,-0.048798482623715854,0.36087307150561415
66.67,-0.048454512434192444,0.35849050503524094
66.68,-0.04807472805158012,0.3558362822610754
66.69,-0.0476593979175,0.35291037271625586
66.7,-0.04720881758882065,0.34971448802151794
66.71000000000001,-0.046723309563891785,0.3462515391119951
66.72,-0.04620322301100991,0.342524570764399
66.73,-0.045648933460697774,0.33853681848575046
66.74,-0.045060842481395094,0.3342916644271201
66.75,-0.0444393773394008,0.3297926442938055
66.76,-0.04378499064415693,0.32504342918303886
66.77,-0.04309815997978937,0.32004782056685327
66.78,-0.042379387523845735,0.3148097394803652
66.79,-0.04162919965407877,0.3093332195446164
66.8,-0.0408481465440744,0.30362239915329997
66.81,-0.04003680174843912,0.29768151528735465
66.82000000000001,-0.039195761778181806,0.2915148978363582
66.83,-0.038325645666831845,0.28512696507969654
66.84,-0.03742709452774063,0.2785222200737853
66.85,-0.03650077110291195,0.2717052481247591
66.86,-0.035547359303445,0.26468072043337254
66.87,-0.034567563730706054,0.25745374251922404
66.88,-0.0335621091721401,0.2500294916867101
66.89,-0.032531740091558285,0.24241293140285286
66.9,-0.03147722012658022,0.2346090895145563
66.91,-0.030399331584118755,0.22662309114110143
66.92,-0.029298874927097422,0.21846014862460714
66.93,-0.028176668251870252,0.21012557373951254
66.94,-0.02703354675587339,0.20162477983488794
66.95,-0.025870362170951608,0.1929640662383762
66.96000000000001,-0.024687982114025484,0.18415092786499046
66.97,-0.023487289398854153,0.17519164016805414
66.98,-0.022269181346935875,0.16609369249871778
66.99,-0.021034568967296094,0.1568676604711004
67.0,-0.01978437584851545,0.14752772821105217
67.01,-0.018519536474706857,0.13809899506641418
67.02,-0.017240993721028833,0.12861336960824063
67.03,-0.015949696368325904,0.11908426019121815
67.04,-0.014646597637875977,0.10951726614751416
67.05,-0.01333265442285755,0.09991974766097493
67.06,-0.012008826631212091,0.09029763612389645
67.07000000000001,-0.010676076559093278,0.08065703103545185
67.08,-0.009335368303576008,0.07100340533395308
67.09,-0.007987667209795582,0.061342011329240345
67.1,-0.006633939354031081,0.051677690743550664
67.11,-0.005275151060623649,0.042014987190535216
67.12,-0.003912268453289007,0.03235806966088045
67.13,-0.0025462571078041494,0.022708612807629754
67.14,-0.0011780818310580246,0.013068427789879005
67.15,0.000191293570621703,0.0034410511880375587
67.16,0.0015609066070147628,-0.006170110974427789
67.17,0.0029297964393148446,-0.015761907813758944
67.18,0.004297004170008461,-0.025332168523804717
67.19,0.005661573085587361,-0.03487851907793039
67.2,0.007022548907754884,-0.04439800814865768
67.21000000000001,0.008378980074173701,-0.05388778101034679
67.22,0.009729918025585137,-0.06334499140751125
67.23,0.011074417490324374,-0.07276680208057953
67.24,0.012411536769314337,-0.08215034044673565
67.25,0.013740338024373407,-0.09149267731457139
67.26,0.015059887572743428,-0.10079079513597528
67.27,0.016369256190598456,-0.11004156298689134
67.28,0.017667519428213718,-0.11924171010233331
67.29,0.01895375793931871,-0.12838780245735382
67.3,0.02022705782700014,-0.13747622052621414
67.31,0.021486511008326055,-0.1465031395040261
67.32000000000001,0.02273121559965167,-0.15546451166643713
67.33,0.023960276324333424,-0.16435605131229694
67.34,0.025172804944327595,-0.17317322231150556
67.35,0.026367920716785107,-0.1819112316495136
67.36,0.027544750872651885,-0.19056514462114868
67.37,0.028702431116793218,-0.19912972025496423
67.38,0.029840106157885786,-0.20759933381440382
67.39,0.030956930271735048,-0.2159680876169444
67.4,0.0320520678938536,-0.22422981824696442
67.41,0.03312469423852958,-0.23237810386923555
67.42,0.03417399594352874,-0.24040627566005088
67.43,0.03519917173930066,-0.24830743143015438
67.44,0.03619943314127782,-0.2560744522392549
67.45,0.03717400516359138,-0.26370002140280113
67.46000000000001,0.038122127052274156,-0.27117664595982266
67.47,0.03904305303578591,-0.27849668030750135
67.48,0.0399360530904776,-0.28565235186395704
67.49,0.04080041371841313,-0.2926357885200982
67.5,0.0416354387347901,-0.2994390476724563
67.51,0.042440450062045894,-0.30605414659737556
67.52,0.04321478852760426,-0.3124730939301368
67.53,0.043957814662109795,-0.3186879220017826
67.54,0.04466890949491458,-0.32469071978588676
67.55,0.04534747534352357,-0.3304736662051435
67.56,0.045992936595761764,-0.3360289958224518
67.57000000000001,0.046604740489468714,-0.34134887672517344
67.58,0.04718235789045823,-0.34642560395838684
67.59,0.04772528406144021,-0.35125160480658885
67.6,0.048233039411453,-0.35581964517751374
67.61,0.04870517022206316,-0.3601226172851419
67.62,0.04914124935240984,-0.3641536799669536
67.63,0.04954087691763255,-0.36790634700694064
67.64,0.04990368093035724,-0.3713745905460634
67.65,0.05022931790245458,-0.37455270936818824
67.66,0.0505174734154747,-0.37743520116311857
67.67,0.05076786266013436,-0.3800170390220528
67.68,0.050980230933829584,-0.38229366806825155
67.69,0.05115435408857012,-0.3842610802484339
67.7,0.05129003892715142,-0.385915767598219
67.71000000000001,0.051387123559148,-0.3872543738288029
67.72,0.051445477726622335,-0.3882739611318348
67.73,0.05146500308903077,-0.3889721470737796
67.74,0.0514456334518691,-0.3893472156290427
67.75,0.05138733493191102,-0.38939808346979204
67.76,0.05129010607378457,-0.38912380510083155
67.77,0.05115397796233367,-0.3885229461305571
67.78,0.050979014321823654,-0.38759519244154006
67.79,0.05076531152757011,-0.38634158786031697
67.8,0.05051299854218938,-0.38476272878214546
67.81,0.05022223686017315,-0.3828587887076993
67.82000000000001,0.049893220440520934,-0.3806312910531249
67.83,0.04952617556303318,-0.37808234341369856
67.84,0.04912136063807244,-0.37521376238904736
67.85,0.048679066017285284,-0.37202742516843496
67.86,0.04819961378329008,-0.3685259797421685
67.87,0.04768335749255654,-0.3647123186269158
67.88,0.04713068189686871,-0.3605891436808416
67.89,0.04654200264976664,-0.3561597920107873
67.9,0.04591776598009109,-0.35142777220784766
67.91,0.04525844832979484,-0.34639706969142653
67.92,0.04456455593885342,-0.3410725111839868
67.93,0.04383662432887097,-0.33546055443252837
67.94,0.043075217655056064,-0.32956877392175093
67.95,0.04228092796334374,-0.32340498676477897
67.96000000000001,0.04145437441703335,-0.3169768948437433
67.97,0.04059620254106679,-0.3102916575802875
67.98,0.039707083463863986,-0.3033574552260617
67.99,0.038787713101225696,-0.2961830588965489
68.0,0.037838811290280716,-0.2887772595576251
68.01,0.03686112090376644,-0.28114907545913254
68.02,0.035855406950076635,-0.2733076096359248
68.03,0.034822455660989425,-0.2652620831643568
68.04,0.033763073596410356,-0.2570209227063439
68.05,0.032678086848241604,-0.24859053875027615
68.06,0.031568340297961246,-0.23997933588362855
68.07000000000001,0.03043469678041257,-0.23119685727944433
68.08,0.02927803620484304,-0.22225093326309925
68.09,0.028099254861729088,-0.2131453865593571
68.1,0.026899264863634628,-0.20388720558513998
68.11,0.025678993662161233,-0.19447841314339856
68.12,0.024439383821328844,-0.1849186426274397
68.13,0.023181393221974298,-0.1752005635021207
68.14,0.021905995883821347,-0.16530950418353887
68.15,0.020614182770107257,-0.15524756084579008
68.16,0.019306961654813645,-0.14502507114578406
68.17,0.017985356276408855,-0.13465157202761732
68.18,0.016650405332991055,-0.12413774564398689
68.19,0.0153031614326559,-0.11349440499426455
68.2,0.013944689996388347,-0.10273295900679734
68.21000000000001,0.012576068119202024,-0.09186513216085643
68.22,0.011198383391491037,-0.08090305177745225
68.23,0.00981273268494792,-0.06985914673407413
68.24,0.008420220906669237,-0.05874613632033028
68.25,0.007021959725846946,-0.04757697039052278
68.26,0.005619066277409935,-0.03636479084708695
68.27,0.004212661847292498,-0.02512288004051996
68.28,0.002803870544084419,-0.01386461392983272
68.29,0.0013938179619494727,-0.0026034117168332897
68.3,-1.6370160259531757e-05,0.008647313262541412
68.31,-0.0014255692787378648,0.01987420315245088
68.32000000000001,-0.0028326573783972794,0.03106400420101466
68.33,-0.004236516295609477,0.04220361455063824
68.34,-0.005636033025587567,0.05328012041541671
68.35000000000001,-0.007030101082475589,0.06427850214113333
68.36,-0.008417621953203742,0.07518395108811178
68.37,-0.009797506497900082,0.08598440031935858
68.38,-0.011168676189144366,0.09666848263929798
68.39,-0.012530064253194997,0.10722513264708704
68.4,-0.013880616765704925,0.11764382879424728
68.41,-0.015219293700533185,0.12791450592106932
68.42,-0.016545069965388175,0.1380264472320923
68.43,-0.01785693644250918,0.14796952322021667
68.44,-0.01915390095858197,0.15773537458117734
68.45,-0.020434989133624085,0.1673163552031313
68.46000000000001,-0.021699245142872324,0.1767053636645876
68.47,-0.022945732418178266,0.18589593053698913
68.48,-0.024173534289293044,0.1948821741892109
68.49,-0.025381754565009334,0.2036588166647125
68.5,-0.02656951805485574,0.2122211640396262
68.51,-0.027735971032218105,0.22056509935405572
68.52,-0.028880281640187706,0.22868706437379732
68.53,-0.030001640241707164,0.23658404239990405
68.54,-0.031099259715898844,0.24425353638097552
68.55,-0.03217237570460725,0.2516934843124094
68.56,-0.03322024682744261,0.2589018161032865
68.57000000000001,-0.034242154863925726,0.2658772620872697
68.58,-0.03523740487249253,0.27261932284294454
68.59,-0.0362053252455743,0.2791278254303383
68.60000000000001,-0.03714526772143338,0.28540298270724146
68.61,-0.03805660736110577,0.2914453118418701
68.62,-0.03893874249365776,0.29725562282124895
68.63,-0.03979109463338329,0.30283497148443594
68.64,-0.04061310837239163,0.30818463025610415
68.65,-0.04140425125212392,0.3133060503844527
68.66,-0.04216401361725289,0.31820082916839737
68.67,-0.04289190845538484,0.3228706757880155
68.68,-0.043587471225887305,0.32731737926665105
68.69,-0.044250259681067584,0.3315427771078823
68.7,-0.044879853682799724,0.3355487256165529
68.71000000000001,-0.045475855017556965,0.3393370716512981
68.72,-0.04603788721775314,0.3429094607416277
68.73,-0.046565595418305177,0.3462667254270456
68.74,-0.04705864628169709,0.3494089084298218
68.75,-0.04751672798643355,0.3523357826757083
68.76,-0.047939550263306256,0.3550465091092582
68.77,-0.048326844472597934,0.357540074138075
68.78,-0.04867836370998101,0.35981520538790207
68.79,-0.048993882951831394,0.3618698791899421
68.8,-0.049273199239802806,0.36370216752679524
68.81,-0.04951613187210661,0.36531025290615793
68.82000000000001,-0.0497225226201296,0.36669125883108694
68.83,-0.04989223599878774,0.3678421914314643
68.84,-0.05002515953795615,0.36876088752504715
68.85000000000001,-0.05012120403132844,0.3694446612382642
68.86,-0.0501803038489672,0.36988906776922614
68.87,-0.05020241728225437,0.3700917613679888
68.88,-0.05018752683103787,0.37005003635807765
68.89,-0.050135639526964856,0.3697592471023289
68.9,-0.05004678729913853,0.3692167109744437
68.91,-0.04992102728512498,0.36841961676159607
68.92,-0.04975844214157231,0.367364115225146
68.93,-0.0495591403759334,0.3660474165067235
68.94,-0.04932325663904744,0.36446696824911945
68.95,-0.04905095199442128,0.3626199150201371
68.96000000000001,-0.04874241417158998,0.3605042501344144
68.97,-0.04839785777525243,0.3581182357750543
68.98,-0.04801752444269659,0.355460836146435
68.99,-0.04760168292955235,0.3525320423333462
69.0,-0.04715062907705297,0.3493335922399521
